Tabela 2.1 - Rendimento domiciliar per capita médio e mediano, por sexo e cor ou raça, segundo as Grandes Regiões, as Unidades da Federação e os Municípios das Capitais - Brasil - 2024;;;;;;;;;;;;;;;;;;;;;;
;;;;;;;;;;;;;;;;;;;;;;
Grandes Regiões, Unidades da Federação e Municípios das Capitais;Rendimento domiciliar per capita das pessoas (R$);;;;;;;;;;;;;;;;;;;;;
;Total;;Sexo;;;;Cor ou raça ;;;;;;;;Sexo e cor ou raça;;;;;;;
;;;Homem;;Mulher;;Branca;;Parda;;Preta;;Preta ou parda;;Homem branco;;Homem preto ou pardo;;Mulher branca;;Mulher preta ou parda;
;Médio;Mediano;Médio;Mediano;Médio;Mediano;Médio;Mediano;Médio;Mediano;Médio;Mediano;Médio;Mediano;Médio;Mediano;Médio;Mediano;Médio;Mediano;Médio;Mediano
Brasil;  2 017 ;  1 328 ;  2 077 ;  1 357 ;  1 960 ;  1 283 ;  2 692 ;  1 649 ;  1 499 ;  1 038 ;  1 545 ;  1 140 ;  1 508 ;  1 059 ;  2 765 ;  1 677 ;  1 570 ;  1 106 ;  2 624 ;  1 625 ;  1 447 ;  1 015 
Norte;  1 389 ;   899 ;  1 412 ;   919 ;  1 366 ;   874 ;  1 919 ;  1 148 ;  1 251 ;   833 ;  1 348 ;   984 ;  1 262 ;   850 ;  1 978 ;  1 195 ;  1 284 ;   868 ;  1 867 ;  1 119 ;  1 240 ;   828 
Rondônia;  1 724 ;  1 254 ;  1 782 ;  1 293 ;  1 667 ;  1 213 ;  2 131 ;  1 411 ;  1 548 ;  1 172 ;  1 708 ;  1 381 ;  1 565 ;  1 197 ;  2 304 ;  1 418 ;  1 579 ;  1 203 ;  1 964 ;  1 345 ;  1 550 ;  1 190 
Porto Velho;  1 882 ;  1 376 ;  1 938 ;  1 411 ;  1 825 ;  1 323 ;  2 563 ;  1 680 ;  1 675 ;  1 258 ;  1 970 ;  1 438 ;  1 703 ;  1 284 ;  2 826 ;  1 970 ;  1 698 ;  1 333 ;  2 296 ;  1 501 ;  1 707 ;  1 270 
Acre;  1 250 ;   750 ;  1 263 ;   762 ;  1 238 ;   735 ;  1 764 ;  1 067 ;  1 157 ;   716 ;   966 ;   658 ;  1 139 ;   712 ;  1 878 ;  1 098 ;  1 143 ;   717 ;  1 663 ;  1 014 ;  1 134 ;   711 
Rio Branco;  1 541 ;   940 ;  1 578 ;   958 ;  1 508 ;   911 ;  2 249 ;  1 390 ;  1 368 ;   865 ;  1 163 ;   704 ;  1 349 ;   857 ;  2 379 ;  1 398 ;  1 366 ;   868 ;  2 134 ;  1 311 ;  1 333 ;   845 
Amazonas;  1 237 ;   814 ;  1 255 ;   828 ;  1 220 ;   798 ;  1 732 ;  1 019 ;  1 141 ;   780 ;  1 357 ;   947 ;  1 152 ;   789 ;  1 759 ;  1 003 ;  1 180 ;   811 ;  1 710 ;  1 028 ;  1 124 ;   762 
Manaus;  1 502 ;   949 ;  1 542 ;   985 ;  1 464 ;   936 ;  2 032 ;  1 176 ;  1 351 ;   903 ;  1 558 ;  1 090 ;  1 364 ;   912 ;  2 116 ;  1 154 ;  1 408 ;   943 ;  1 965 ;  1 181 ;  1 320 ;   868 
Roraima;  1 531 ;   879 ;  1 559 ;   932 ;  1 504 ;   840 ;  2 056 ;  1 041 ;  1 353 ;   816 ;  1 706 ;  1 075 ;  1 398 ;   844 ;  1 935 ;  1 065 ;  1 485 ;   924 ;  2 163 ;  1 004 ;  1 311 ;   812 
Boa Vista;  1 644 ;   944 ;  1 673 ;   976 ;  1 617 ;   932 ;  2 181 ;  1 098 ;  1 432 ;   930 ;  1 854 ;  1 212 ;  1 484 ;   939 ;  2 070 ;  1 145 ;  1 571 ;   952 ;  2 279 ;  1 041 ;  1 401 ;   926 
Pará;  1 322 ;   838 ;  1 340 ;   850 ;  1 304 ;   823 ;  1 842 ;  1 061 ;  1 192 ;   770 ;  1 242 ;   918 ;  1 198 ;   788 ;  1 900 ;  1 070 ;  1 212 ;   805 ;  1 788 ;  1 058 ;  1 185 ;   773 
Belém;  2 031 ;  1 180 ;  2 063 ;  1 189 ;  2 003 ;  1 160 ;  2 703 ;  1 651 ;  1 801 ;  1 057 ;  1 523 ;  1 004 ;  1 750 ;  1 052 ;  2 719 ;  1 640 ;  1 791 ;  1 077 ;  2 689 ;  1 653 ;  1 713 ;  1 020 
Amapá;  1 530 ;   916 ;  1 567 ;   959 ;  1 494 ;   879 ;  1 964 ;  1 041 ;  1 404 ;   880 ;  1 471 ;  1 053 ;  1 414 ;   901 ;  1 930 ;  1 120 ;  1 480 ;   941 ;  1 992 ;   999 ;  1 347 ;   849 
Macapá;  1 716 ;  1 013 ;  1 766 ;  1 117 ;  1 668 ;   951 ;  2 317 ;  1 163 ;  1 528 ;   956 ;  1 551 ;  1 069 ;  1 532 ;   977 ;  2 301 ;  1 251 ;  1 620 ;  1 090 ;  2 330 ;  1 144 ;  1 444 ;   913 
Tocantins;  1 736 ;  1 161 ;  1 741 ;  1 226 ;  1 730 ;  1 133 ;  2 377 ;  1 469 ;  1 567 ;  1 071 ;  1 537 ;  1 249 ;  1 561 ;  1 117 ;  2 382 ;  1 534 ;  1 579 ;  1 140 ;  2 371 ;  1 417 ;  1 542 ;  1 064 
Palmas;  2 738 ;  1 801 ;  2 629 ;  1 773 ;  2 852 ;  1 813 ;  3 452 ;  2 248 ;  2 509 ;  1 712 ;  2 219 ;  1 601 ;  2 438 ;  1 665 ;  3 223 ;  2 037 ;  2 392 ;  1 607 ;  3 679 ;  2 540 ;  2 486 ;  1 683 
Nordeste;  1 312 ;   845 ;  1 341 ;   864 ;  1 286 ;   820 ;  1 774 ;  1 014 ;  1 163 ;   773 ;  1 134 ;   845 ;  1 158 ;   790 ;  1 791 ;  1 007 ;  1 196 ;   814 ;  1 759 ;  1 020 ;  1 121 ;   760 
Maranhão;  1 079 ;   717 ;  1 111 ;   725 ;  1 050 ;   710 ;  1 451 ;   937 ;  1 006 ;   701 ;   977 ;   710 ;  1 001 ;   703 ;  1 436 ;   935 ;  1 047 ;   708 ;  1 464 ;   937 ;   957 ;   697 
São Luís;  1 690 ;   946 ;  1 848 ;   997 ;  1 552 ;   922 ;  2 214 ;  1 412 ;  1 623 ;   891 ;  1 269 ;   876 ;  1 547 ;   887 ;  2 434 ;  1 503 ;  1 692 ;   926 ;  2 037 ;  1 391 ;  1 414 ;   843 
Piauí;  1 351 ;   858 ;  1 356 ;   860 ;  1 346 ;   855 ;  1 773 ;   989 ;  1 253 ;   820 ;  1 188 ;   846 ;  1 244 ;   826 ;  1 749 ;   990 ;  1 250 ;   835 ;  1 799 ;   987 ;  1 238 ;   820 
Teresina;  2 058 ;  1 140 ;  2 131 ;  1 121 ;  1 997 ;  1 160 ;  2 637 ;  1 438 ;  1 971 ;  1 125 ;  1 364 ;   951 ;  1 873 ;  1 107 ;  2 869 ;  1 481 ;  1 895 ;  1 070 ;  2 442 ;  1 435 ;  1 855 ;  1 126 
Ceará;  1 202 ;   792 ;  1 203 ;   797 ;  1 202 ;   786 ;  1 648 ;  1 004 ;  1 042 ;   720 ;  1 183 ;   862 ;  1 054 ;   725 ;  1 607 ;   948 ;  1 078 ;   751 ;  1 685 ;  1 058 ;  1 031 ;   717 
Fortaleza;  1 756 ;  1 020 ;  1 768 ;  1 031 ;  1 746 ;  1 017 ;  2 475 ;  1 498 ;  1 411 ;   912 ;  1 626 ;  1 099 ;  1 433 ;   929 ;  2 414 ;  1 467 ;  1 493 ;   957 ;  2 528 ;  1 597 ;  1 380 ;   873 
Rio Grande do Norte;  1 552 ;   939 ;  1 610 ;   956 ;  1 498 ;   923 ;  1 869 ;  1 038 ;  1 410 ;   896 ;  1 078 ;   864 ;  1 359 ;   890 ;  2 013 ;  1 062 ;  1 365 ;   928 ;  1 738 ;  1 011 ;  1 354 ;   855 
Natal;  2 549 ;  1 408 ;  2 794 ;  1 428 ;  2 325 ;  1 338 ;  3 141 ;  1 531 ;  2 253 ;  1 337 ;  1 515 ;  1 144 ;  2 141 ;  1 269 ;  3 436 ;  1 683 ;  2 349 ;  1 408 ;  2 870 ;  1 466 ;  1 953 ;  1 097 
Paraíba;  1 377 ;   864 ;  1 398 ;   885 ;  1 357 ;   845 ;  1 756 ;  1 030 ;  1 174 ;   769 ;  1 221 ;   847 ;  1 179 ;   785 ;  1 765 ;  1 028 ;  1 217 ;   798 ;  1 748 ;  1 030 ;  1 139 ;   762 
João Pessoa;  2 419 ;  1 396 ;  2 489 ;  1 409 ;  2 355 ;  1 369 ;  3 149 ;  1 877 ;  1 911 ;  1 157 ;  1 762 ;  1 088 ;  1 892 ;  1 149 ;  3 245 ;  1 913 ;  2 000 ;  1 190 ;  3 070 ;  1 840 ;  1 784 ;  1 086 
Pernambuco;  1 407 ;   829 ;  1 444 ;   850 ;  1 374 ;   814 ;  1 872 ;  1 020 ;  1 170 ;   728 ;  1 195 ;   852 ;  1 174 ;   748 ;  1 939 ;  1 024 ;  1 204 ;   758 ;  1 814 ;  1 016 ;  1 146 ;   735 
Recife;  2 510 ;  1 271 ;  2 662 ;  1 266 ;  2 382 ;  1 279 ;  3 976 ;  1 835 ;  1 796 ;  1 072 ;  1 329 ;   869 ;  1 690 ;  1 021 ;  4 319 ;  1 863 ;  1 757 ;  1 022 ;  3 695 ;  1 801 ;  1 632 ;  1 020 
Alagoas;  1 318 ;   795 ;  1 385 ;   818 ;  1 256 ;   765 ;  1 831 ;   943 ;  1 131 ;   731 ;  1 114 ;   816 ;  1 129 ;   741 ;  1 929 ;   935 ;  1 192 ;   789 ;  1 745 ;   947 ;  1 071 ;   714 
Maceió;  1 823 ;  1 056 ;  1 866 ;  1 078 ;  1 787 ;  1 034 ;  2 599 ;  1 287 ;  1 540 ;  1 002 ;  1 354 ;   903 ;  1 512 ;   995 ;  2 561 ;  1 245 ;  1 592 ;  1 036 ;  2 631 ;  1 327 ;  1 443 ;   948 
Sergipe;  1 426 ;   923 ;  1 484 ;   940 ;  1 374 ;   892 ;  1 721 ;  1 085 ;  1 326 ;   852 ;  1 379 ;   898 ;  1 334 ;   860 ;  1 737 ;  1 145 ;  1 402 ;   893 ;  1 707 ;  1 033 ;  1 273 ;   834 
Aracaju;  2 197 ;  1 254 ;  2 278 ;  1 226 ;  2 126 ;  1 270 ;  2 511 ;  1 461 ;  2 092 ;  1 160 ;  2 050 ;  1 086 ;  2 085 ;  1 150 ;  2 458 ;  1 512 ;  2 208 ;  1 109 ;  2 556 ;  1 434 ;  1 976 ;  1 186 
Bahia;  1 329 ;   903 ;  1 357 ;   938 ;  1 303 ;   869 ;  1 872 ;  1 119 ;  1 235 ;   870 ;  1 124 ;   866 ;  1 202 ;   867 ;  1 818 ;  1 120 ;  1 255 ;   916 ;  1 922 ;  1 109 ;  1 152 ;   827 
Salvador;  1 842 ;  1 045 ;  1 868 ;  1 104 ;  1 819 ;  1 005 ;  3 625 ;  2 031 ;  1 637 ;   998 ;  1 346 ;   963 ;  1 509 ;   982 ;  3 541 ;  2 041 ;  1 587 ;  1 016 ;  3 688 ;  2 021 ;  1 441 ;   942 
Sudeste;  2 377 ;  1 501 ;  2 454 ;  1 539 ;  2 303 ;  1 467 ;  2 972 ;  1 816 ;  1 767 ;  1 337 ;  1 780 ;  1 386 ;  1 770 ;  1 348 ;  3 060 ;  1 842 ;  1 852 ;  1 397 ;  2 891 ;  1 796 ;  1 689 ;  1 274 
Minas Gerais;  1 952 ;  1 409 ;  2 041 ;  1 426 ;  1 866 ;  1 392 ;  2 423 ;  1 582 ;  1 642 ;  1 273 ;  1 571 ;  1 306 ;  1 627 ;  1 275 ;  2 531 ;  1 634 ;  1 710 ;  1 358 ;  2 322 ;  1 528 ;  1 544 ;  1 207 
Belo Horizonte;  2 973 ;  1 740 ;  3 167 ;  1 776 ;  2 804 ;  1 708 ;  3 910 ;  2 365 ;  2 346 ;  1 524 ;  2 070 ;  1 491 ;  2 273 ;  1 508 ;  4 236 ;  2 463 ;  2 332 ;  1 530 ;  3 618 ;  2 292 ;  2 222 ;  1 496 
Espírito Santo;  2 054 ;  1 398 ;  2 090 ;  1 410 ;  2 019 ;  1 396 ;  2 742 ;  1 682 ;  1 667 ;  1 190 ;  1 539 ;  1 148 ;  1 641 ;  1 180 ;  2 762 ;  1 685 ;  1 701 ;  1 211 ;  2 723 ;  1 674 ;  1 580 ;  1 125 
Vitória;  4 096 ;  2 598 ;  4 208 ;  2 528 ;  3 997 ;  2 629 ;  5 446 ;  4 013 ;  2 878 ;  1 613 ;  1 911 ;  1 138 ;  2 575 ;  1 430 ;  5 792 ;  4 184 ;  2 504 ;  1 397 ;  5 153 ;  3 899 ;  2 641 ;  1 486 
Rio de Janeiro;  2 431 ;  1 422 ;  2 504 ;  1 463 ;  2 367 ;  1 413 ;  3 255 ;  1 824 ;  1 807 ;  1 255 ;  1 690 ;  1 241 ;  1 772 ;  1 249 ;  3 319 ;  1 861 ;  1 861 ;  1 340 ;  3 199 ;  1 801 ;  1 692 ;  1 187 
Rio de Janeiro;  3 420 ;  2 009 ;  3 546 ;  2 089 ;  3 309 ;  1 929 ;  4 387 ;  2 743 ;  2 368 ;  1 505 ;  2 339 ;  1 531 ;  2 360 ;  1 508 ;  4 563 ;  2 804 ;  2 475 ;  1 597 ;  4 238 ;  2 663 ;  2 255 ;  1 425 
São Paulo;  2 582 ;  1 660 ;  2 661 ;  1 695 ;  2 506 ;  1 627 ;  3 088 ;  1 932 ;  1 842 ;  1 394 ;  2 010 ;  1 477 ;  1 877 ;  1 410 ;  3 182 ;  1 951 ;  1 959 ;  1 458 ;  3 000 ;  1 924 ;  1 795 ;  1 376 
São Paulo;  3 499 ;  1 843 ;  3 690 ;  1 905 ;  3 321 ;  1 796 ;  4 477 ;  2 360 ;  2 147 ;  1 407 ;  2 333 ;  1 492 ;  2 194 ;  1 424 ;  4 740 ;  2 331 ;  2 315 ;  1 490 ;  4 238 ;  2 383 ;  2 080 ;  1 382 
Sul;  2 488 ;  1 682 ;  2 556 ;  1 725 ;  2 422 ;  1 642 ;  2 764 ;  1 856 ;  1 746 ;  1 358 ;  1 831 ;  1 437 ;  1 762 ;  1 389 ;  2 831 ;  1 881 ;  1 847 ;  1 420 ;  2 700 ;  1 826 ;  1 674 ;  1 326 
Paraná;  2 408 ;  1 587 ;  2 495 ;  1 631 ;  2 325 ;  1 521 ;  2 784 ;  1 795 ;  1 683 ;  1 326 ;  1 853 ;  1 478 ;  1 705 ;  1 350 ;  2 875 ;  1 830 ;  1 784 ;  1 405 ;  2 697 ;  1 764 ;  1 626 ;  1 302 
Curitiba;  4 169 ;  2 531 ;  4 296 ;  2 545 ;  4 052 ;  2 518 ;  4 695 ;  2 935 ;  2 643 ;  1 565 ;  2 529 ;  1 882 ;  2 622 ;  1 661 ;  4 845 ;  2 898 ;  2 780 ;  1 771 ;  4 564 ;  2 955 ;  2 463 ;  1 483 
Santa Catarina;  2 552 ;  1 812 ;  2 606 ;  1 856 ;  2 497 ;  1 778 ;  2 755 ;  1 953 ;  1 875 ;  1 422 ;  1 904 ;  1 508 ;  1 880 ;  1 434 ;  2 805 ;  1 973 ;  1 979 ;  1 489 ;  2 707 ;  1 925 ;  1 769 ;  1 395 
Florianópolis;  4 674 ;  2 870 ;  4 812 ;  2 957 ;  4 534 ;  2 842 ;  5 174 ;  3 393 ;  2 810 ;  1 880 ;  2 950 ;  1 565 ;  2 852 ;  1 786 ;  5 230 ;  3 325 ;  3 185 ;  1 890 ;  5 118 ;  3 458 ;  2 522 ;  1 702 
Rio Grande do Sul;  2 526 ;  1 692 ;  2 583 ;  1 739 ;  2 472 ;  1 654 ;  2 752 ;  1 827 ;  1 764 ;  1 383 ;  1 783 ;  1 396 ;  1 769 ;  1 388 ;  2 810 ;  1 861 ;  1 849 ;  1 419 ;  2 697 ;  1 795 ;  1 688 ;  1 311 
Porto Alegre;  3 912 ;  2 349 ;  4 044 ;  2 399 ;  3 794 ;  2 256 ;  4 533 ;  2 698 ;  2 009 ;  1 431 ;  2 160 ;  1 545 ;  2 088 ;  1 494 ;  4 735 ;  2 955 ;  2 043 ;  1 495 ;  4 353 ;  2 587 ;  2 128 ;  1 491 
Centro-Oeste;  2 321 ;  1 471 ;  2 398 ;  1 524 ;  2 247 ;  1 425 ;  3 026 ;  1 799 ;  1 932 ;  1 389 ;  1 921 ;  1 375 ;  1 930 ;  1 386 ;  3 111 ;  1 832 ;  2 016 ;  1 424 ;  2 948 ;  1 768 ;  1 846 ;  1 326 
Mato Grosso do Sul;  2 114 ;  1 440 ;  2 153 ;  1 481 ;  2 077 ;  1 423 ;  2 616 ;  1 705 ;  1 717 ;  1 296 ;  1 992 ;  1 497 ;  1 752 ;  1 330 ;  2 657 ;  1 790 ;  1 824 ;  1 393 ;  2 581 ;  1 659 ;  1 681 ;  1 257 
Campo Grande;  2 414 ;  1 571 ;  2 438 ;  1 628 ;  2 393 ;  1 497 ;  3 074 ;  1 932 ;  1 822 ;  1 359 ;  2 134 ;  1 574 ;  1 868 ;  1 407 ;  3 102 ;  2 013 ;  1 933 ;  1 450 ;  3 049 ;  1 850 ;  1 810 ;  1 333 
Mato Grosso;  2 245 ;  1 608 ;  2 322 ;  1 663 ;  2 170 ;  1 552 ;  2 897 ;  1 885 ;  1 948 ;  1 480 ;  2 055 ;  1 553 ;  1 964 ;  1 494 ;  2 920 ;  1 958 ;  2 066 ;  1 574 ;  2 876 ;  1 845 ;  1 865 ;  1 425 
Cuiabá;  2 832 ;  1 676 ;  2 982 ;  1 745 ;  2 695 ;  1 560 ;  4 415 ;  2 904 ;  2 276 ;  1 483 ;  2 273 ;  1 517 ;  2 275 ;  1 505 ;  4 570 ;  2 975 ;  2 444 ;  1 570 ;  4 273 ;  2 859 ;  2 121 ;  1 424 
Goiás;  2 051 ;  1 402 ;  2 137 ;  1 424 ;  1 967 ;  1 370 ;  2 618 ;  1 617 ;  1 765 ;  1 325 ;  1 650 ;  1 186 ;  1 747 ;  1 297 ;  2 758 ;  1 648 ;  1 811 ;  1 373 ;  2 488 ;  1 589 ;  1 683 ;  1 225 
Goiânia;  2 930 ;  1 798 ;  3 096 ;  1 925 ;  2 772 ;  1 749 ;  3 606 ;  2 185 ;  2 421 ;  1 648 ;  2 208 ;  1 556 ;  2 385 ;  1 625 ;  3 871 ;  2 241 ;  2 463 ;  1 700 ;  3 362 ;  2 099 ;  2 308 ;  1 562 
Distrito Federal;  3 281 ;  1 788 ;  3 392 ;  1 905 ;  3 178 ;  1 700 ;  4 443 ;  2 446 ;  2 565 ;  1 506 ;  2 361 ;  1 471 ;  2 530 ;  1 497 ;  4 537 ;  2 595 ;  2 681 ;  1 632 ;  4 359 ;  2 349 ;  2 387 ;  1 415 
Brasília;  3 281 ;  1 788 ;  3 392 ;  1 905 ;  3 178 ;  1 700 ;  4 443 ;  2 446 ;  2 565 ;  1 506 ;  2 361 ;  1 471 ;  2 530 ;  1 497 ;  4 537 ;  2 595 ;  2 681 ;  1 632 ;  4 359 ;  2 349 ;  2 387 ;  1 415 
;;;;;;;;;;;;;;;;;;;;;;
Fonte: IBGE. Pesquisa Nacional por Amostra de Domicílios Contínua, 2024, acumulado de primeiras visitas.;;;;;;;;;;;;;;;;;;;;;;
Notas: Exclusive as pessoas cuja condição no arranjo domiciliar era pensionista, empregado doméstico ou parente do empregado doméstico.;;;;;;;;;;;;;;;;;;;;;;
Rendimentos deflacionados para reais médios de 2024.;;;;;;;;;;;;;;;;;;;;;;
